class,sudut_kiri,sudut_kanan
0,83.2386120424823,87.70686779852603
0,83.97284953094828,90.1183043843962
0,83.75080902171337,88.80719831890075
0,84.06072469701292,89.47614159262822
0,84.07437576326737,89.9783769549514
0,84.12701826950543,90.1274084102974
0,83.41437085191976,89.19920520477292
0,83.57760696785071,89.20936061702628
0,83.55060117634305,89.3400780859048
0,83.76233016434671,89.53573417321365
0,83.49756968140906,89.52396316022336
0,83.2343879133307,89.30761455217394
0,83.25408764791243,89.24787126662187
0,83.55791291627683,89.50405536874618
0,83.33406802132633,89.4680716159199
0,83.33273675147048,89.35488348416597
0,82.5777531227615,88.64819218430826
0,81.76187480490397,87.3286889415806
0,81.92720120786433,87.41720536589472
0,82.01522952025354,87.39965193135257
0,81.68846098272596,86.85056911261019
0,81.70373026611988,86.68037238735536
0,81.81077468085142,86.97374947080367
0,81.77996187862844,86.97755583068026
0,83.05669532631725,87.0633129881175
0,82.66487685839435,86.17497103852172
0,82.88995630641742,85.96638795797965
0,84.07711927491526,86.53180427562943
0,83.99724757875609,85.94153757302485
0,83.84561053175626,85.72458956200775
0,83.85841763267949,85.89427669282196
0,85.20384461619524,86.84592758435954
0,79.66610426546724,10.937288001746973
0,62.18578428585836,8.413124271453546
0,56.84632333843619,24.273804368868465
0,23.17602867846066,34.51751023220351
0,49.09731262649606,55.698487331833405
0,91.266597797901,89.67727568687289
0,93.65264078837305,91.7811424300919
0,93.5997910081363,91.89097978729122
0,93.61971328135039,91.96267732027118
0,93.6140367268864,92.02884125625341
0,93.66287189079412,92.16198714378245
0,93.73657221874178,92.25762457886992
0,93.77176747919768,92.33379117785297
0,93.80358713577552,92.40026039094482
0,93.6073103860931,91.9832497419395
0,93.34876224620007,91.50733517908354
0,93.27955391096144,91.39497700498752
0,92.88922144986344,90.46103331736028
0,92.72223133992173,90.08689264921176
0,92.67228250366452,89.93567636006752
0,92.6401222895982,89.87268761230456
0,91.88205288762782,89.60925842481318
0,91.6368918830439,89.39248133765201
0,91.6831748136203,89.26660176724232
0,91.7120614341787,89.34067253877777
0,90.96474325020046,89.09344222873942
0,88.73332077478818,86.16740982812101
0,87.87936996510713,85.13013045325752
0,88.82191699555355,85.81190909674118
0,88.54333817932093,85.9422768842714
0,88.86311818212415,86.25469886763214
0,88.93820460712935,86.28335504599156
0,89.32874278388122,86.83221337091807
0,89.02781607163178,86.35356809551098
0,88.93590617913713,86.16331574655743
0,89.02841238215326,86.09140677051187
0,88.95347615282317,85.98550293429099
0,88.7082924853745,85.91071358652187
0,88.73739262003241,85.6262613290141
0,88.92491320750358,85.76751700119361
0,88.541718717686,85.85125094771058
0,88.38818638956324,85.75141999518907
0,88.1393290861703,85.71420900708742
0,87.95905483319461,86.63767989355374
0,87.67960084683102,87.07277109900471
0,87.7959978248457,87.15662771947336
0,87.36211217745414,86.9983059127761
0,87.42596828915224,87.06889076599519
0,87.73645868496726,88.19685638122817
0,87.53692087710489,87.50402075630143
0,87.46988319499486,87.39434874368492
0,87.6622118657197,87.7069254123279
0,87.59017632678217,87.70642678021197
0,88.79783447094054,89.45212207266714
0,88.4647108070247,88.80696431008714
0,88.62373427047746,88.52401436188417
0,89.66152403660196,90.36540259714609
0,89.92827419483392,90.23670432494843
0,89.86564820629954,89.96857187010156
0,90.3072301989172,90.20923063884464
0,83.99780807304215,84.678238742956
0,85.66131441374587,86.07056390947079
0,86.71826627749026,86.9052920813563
0,86.68885975071339,86.85476763763332
0,86.0468991875221,86.98682169932766
0,85.74379940447562,87.09033770062359
0,85.57015279623141,87.09246641762034
0,85.49916324412459,87.0895560954772
0,85.45634653743656,87.08855409046352
0,85.60868712137098,87.38159125225324
0,85.61741564010691,87.43591734720813
0,85.62385117820806,87.39197316518668
0,84.34397474904408,88.33117328145414
0,85.06361167890972,89.74664260446329
0,85.25196211583236,90.55296893464585
0,85.34178402127812,90.98390641120831
0,84.92926212966387,90.10775341311542
0,84.80020535041294,89.64145726897209
0,85.15357519610538,90.12580477865143
0,85.34053170024141,90.47995807573031
0,84.89358924179321,89.76832326815159
0,84.8132244883526,89.58418671498653
0,84.96192334610733,89.8916741412442
0,85.11548642788262,90.10363293171687
0,84.79017419130116,89.78660932199094
0,84.89815871844995,89.97419921047174
0,85.28125364096313,91.02714904744124
0,83.01702274446767,87.7941208844067
0,82.94813205122344,87.9652144166001
0,82.76064687805314,87.89972138597426
0,82.72144333923518,87.8647011844436
0,84.30186301082436,88.27947025897612
0,84.07525603099123,87.74426326643231
0,84.16628003607144,87.7098869249966
0,86.67125662589584,89.78639513823964
0,91.84635430314614,92.25913853463699
0,92.39857726994087,92.21108874195725
0,92.35820965841367,92.12911751522985
0,92.39919685758592,92.1362446196033
0,92.32749947027722,92.17757449210775
0,92.25123580587781,92.22884293659486
0,92.24467223643646,92.30669062846687
0,92.13184161684333,92.08743690996235
0,92.02766209193246,91.91958975828081
0,91.95558889230563,91.80363427349128
0,91.91430141396485,91.75805307079456
0,91.73464708923512,91.2875578293774
0,91.66845384732268,91.11769036793929
0,91.65610552613201,91.06122847200619
0,91.66815158564731,91.03398944485987
0,91.68170412742522,91.01867981333507
0,91.71469232174853,90.79004476929293
0,91.97986827452466,90.8322586540957
0,92.13714288259185,90.75639519465383
0,92.23001884510664,90.73664180711027
0,91.70543583557898,89.96406984273393
0,91.3425079601808,89.66151559409958
0,91.15741492387835,89.56940206479393
0,91.21491723625913,89.6216743306999
0,89.5995998992654,88.57900489021478
0,88.3082218949549,87.87590687878382
0,89.15809292488952,87.28832381314636
0,89.13253213161157,87.46158379721649
0,89.13077739336495,87.44173157117312
0,88.90034038642011,87.24314106144277
0,89.49381633386265,87.96356331749072
0,89.2124954449375,87.66005117052961
0,89.03062719764326,87.54369196755063
0,88.94599607741044,87.56386959362545
0,89.14083273663755,87.8673341654488
0,89.11739915613056,87.70476873192833
0,89.16785236331899,87.57960599593736
0,89.07180924271009,87.54017793620052
0,89.14217581361247,87.6860254803078
0,89.16160322055738,87.89995718353298
0,89.21154414519036,87.93451042907692
0,88.78316894574492,86.76354636666898
0,91.26632671961977,89.67697204118898
0,91.20867768860472,89.77354837527677
0,90.92597088151557,89.71219694122632
0,90.36829011741456,89.59240266880124
0,90.34341403649773,89.66621057037558
0,90.40482408858554,89.87124849807255
0,175.60933534948245,160.13914724739374
0,136.51122255162093,138.19469850570172
0,82.89472739788957,86.54385276563141
0,83.92008473508376,87.17038212262568
0,84.10336810065554,87.4411812268004
0,83.93604660934464,87.35949366204987
0,83.93927257842834,87.42045934833128
0,83.79492327552484,87.29834757597962
0,84.90632911250744,87.71314181877517
0,85.00059724579347,87.49857951867341
0,84.9549396687078,87.36105299285438
0,92.32933471722222,91.02664645203278
0,92.37153893657558,90.64903266126483
0,92.39449180823655,90.68640849263546
0,92.39476220867365,90.72096342443952
0,92.4103141184921,90.75185719560734
0,92.36793937091292,90.3266023991208
0,92.50492110678144,90.26470132160127
0,92.58093000390656,90.20458208785136
0,92.57098036229942,90.17113363877611
0,91.95836045958889,89.52938647353444
0,91.7780443109211,89.42849029996592
0,91.7818232085649,89.44423868215395
0,91.77947524536756,89.47896669408865
0,90.61952136637045,88.47607949968491
0,90.36507571271035,88.16070282633272
0,90.5875310542007,88.33695531931355
0,90.62324141039885,88.35008645158898
0,89.67366435855307,88.14840862716068
0,89.55550053935475,87.94482754786524
0,90.11073193170938,87.77641665772164
0,90.37912493384223,88.19238130504145
0,90.32848561211509,88.18750420869966
0,90.2933282616345,88.17701099193908
0,90.28950454235323,87.76660516516374
0,90.25373353156911,87.53726586795143
0,90.19740016708263,87.40887986234404
0,90.14809407002898,87.32698741211935
0,89.48912003085354,86.65775867480245
0,89.15968888131879,86.39631615613168
0,89.04683872636271,86.29767135983616
0,91.0656074972501,89.4317401105386
0,119.58227759893147,121.36707986613867
0,120.13598508823551,124.44195301671284
0,122.6587762823536,125.22639274335421
0,123.02905200158615,124.87593295233762
0,123.57935532438646,123.78853012462754
0,126.68939959327153,125.17582028254604
0,126.72284358012882,128.0309086512292
0,126.78525764855253,128.02657160334704
0,126.84562645155337,127.98664104739174
0,126.97789939818105,127.98195911577155
0,127.02776674163218,127.9838534695568
0,127.0790695275658,127.97649060794568
0,127.11043878300066,127.97077010030524
0,127.13822784073741,127.96672934701394
0,129.58246664314845,128.86077974496718
0,128.57281888333975,128.69861643119938
0,126.84168976129055,127.73744640655516
0,126.78712736962908,128.89552759747622
0,128.07578333244643,130.39126737647442
0,128.1390912087817,130.82580640758823
0,127.80969440765251,130.92122896940856
0,127.6164885513004,130.9564759016717
0,127.37161819262681,130.91420246166336
0,127.30638261587424,130.93480858925287
0,127.32430292001696,130.9984084192304
0,128.98405035583036,132.1879916677311
0,128.83819773524132,132.83686437970024
0,129.03425717448292,133.1102197932672
0,129.18722201861414,133.32522482884676
0,130.20869669679394,135.3684251480242
0,120.21495537807891,118.90366998181696
0,119.39585550519384,117.67163012850071
0,120.02189125561532,116.91050134023477
0,120.16886643094557,116.88612553370065
0,119.39908367017527,116.48367243015507
0,119.45895580865994,116.01467588080526
0,119.75635095994755,116.25241167989515
0,119.76383535542969,116.25887671723316
0,119.77294458138589,116.26369508813046
0,119.78047656832857,116.26897202149114
0,120.00049591326885,116.40730204226591
0,120.12931261583577,116.48723037240079
0,120.17902128897917,116.51767610544927
0,120.21075116523693,116.54218098357072
0,120.2402795142604,116.55896514654862
0,120.23733001764346,116.57212988418571
0,120.25603911451569,116.58095063164515
0,120.25159213294339,116.58789004028326
0,120.69615505031496,117.04901521191256
0,120.24450821069468,116.7379019678833
0,120.2287726015665,116.65059718085261
0,119.77593115960259,117.22280529798897
0,119.59879769846061,117.52510925389454
0,119.63103603031536,117.82089629606476
0,119.64192185488712,118.09232609036248
0,119.74840223469333,118.21240890501893
0,119.47398298879475,119.0365240882689
0,118.45510870369813,117.1341454393532
0,118.45838542745516,117.13727923249621
0,118.47033310499748,117.1340948744623
0,118.44061733583106,117.13981232363071
0,118.44743829093318,117.16551176594906
0,118.4476884986598,117.17167430144715
0,118.45087334862461,117.16690796946315
0,117.837189723181,118.68477504912194
0,118.11175366964143,118.79952399275058
0,118.15268054009927,118.81075380313209
0,118.410622565203,119.30347003896175
0,118.5011609598515,120.0043545199906
0,118.26198078940509,119.94815601097292
0,118.26106142786446,119.98058153765662
0,118.34630746093525,120.05947084676814
0,118.41745166122654,120.07115779169887
0,118.51093034045265,119.96491359374384
0,119.09256731369358,120.96826390297227
0,120.17782925937067,122.9109281040513
0,120.1577526776436,122.96485603537059
0,120.14731029785652,122.95503861862818
0,120.13100202141122,122.94930829660034
0,120.09726576990435,122.89482246442051
0,120.06438268772443,122.82542031310861
0,120.04625285383055,122.7763425098683
0,121.18696145462172,124.17472927978145
0,120.51608718223831,125.1171933198905
0,120.44555237359876,125.08062986721092
0,120.8341221928822,124.54531381489171
0,121.3906692359624,124.70098818934862
0,121.40214774778285,124.72347947466714
0,120.9973183666552,124.78034591281019
0,120.53229134685644,124.84847082479835
0,122.12497838300503,125.47308403612735
0,122.24558159158775,124.87967026244004
0,122.26807265368434,124.90449515854719
0,122.36432989662882,124.82392921136868
0,122.50883854993732,124.70648323872241
0,122.71172455598065,124.5667919997881
0,122.88996491232523,124.42527934304341
0,124.61581454493927,125.19700585135618
0,123.04749732614627,124.13769488357072
0,123.16779833194774,124.00955341408823
0,123.29172824164068,123.66457541351963
0,123.16999593336065,124.0243016219842
0,122.67684382758354,124.47058811266903
0,122.65637981941018,123.95980277956464
0,122.44894166355515,123.70819936430625
0,122.8314481635697,123.99659022628224
0,123.15559344955128,124.18420678102959
0,126.64782146696163,125.8547162482453
0,127.23375263669898,128.0551840043629
0,127.29557105078425,128.0874969128182
0,127.3544796276947,128.0638669764634
0,127.46877728666705,128.05994486006438
0,127.49484306664586,128.03912637724156
0,127.24946703890119,128.1401162324911
0,126.90922059905533,128.2164931649739
0,126.6912684296862,128.23849451801792
0,126.8270465864098,129.5660063169399
0,127.10257899817357,130.11384845335166
0,127.20802247518274,130.23797820823057
0,127.19153895761973,130.18499464627197
0,128.41139932681392,131.97765398929303
0,128.33889920141334,132.51048490880464
0,128.67489592941882,132.96923507651394
0,129.2711148568678,133.31939658315895
0,129.5366672659062,133.43891994021587
0,130.15037255858653,135.3432997327422
0,123.27344723319594,122.53184652828372
0,123.11199856295629,122.50709517757006
0,122.79428392877873,122.09375994031619
0,122.37838840940134,122.36294314996802
0,122.35019759418682,122.34452694276563
0,122.33229302320841,122.32879646848116
0,122.18549264077146,122.1738818364648
0,122.15109067539144,122.18140670834143
0,122.17886740992542,122.2082550752112
0,121.62311568152683,120.68010006436425
0,123.54494325008704,121.47964817889232
0,123.72488276733583,121.50247608837725
0,123.86895373517233,121.56612050650341
0,123.87675256795782,122.2055253380825
0,122.68657183659523,122.24770911839664
0,122.57135391085052,122.1134480307218
0,122.48030337728022,121.3355883066486
0,122.2539860764607,121.05329305833737
0,122.11272706297773,120.7696305388409
0,122.0206372086893,120.77804710329465
0,122.00869673395353,120.87152210784495
0,122.75767798716336,120.25614772204386
0,122.57179142350621,121.15330004117787
0,122.62448514638939,121.25331056635133
0,122.70812410960035,121.24533527279276
0,122.73343365865554,121.46308805575069
0,122.49160882185296,121.45518006361658
0,122.02245644430474,121.41270784916833
0,122.26399252736299,121.50371769847963
0,122.67806093734532,121.63849628361584
0,123.18392062444985,121.52822426923002
0,123.8459890127708,121.4542860276399
0,124.51787064622525,121.390581032041
0,124.78506105887811,121.36086807274204
0,124.74052009162494,121.3598471108424
0,124.73136000645226,121.32500011336447
0,124.68926541861104,121.28807522214446
0,124.68437287978246,121.21499957837057
0,124.67790783811164,121.15888989744867
0,124.63420338393983,121.10363959265545
0,124.60270974165246,121.06230489054516
0,124.68967877955141,122.67067247390148
0,124.86922871982469,123.82055886502388
0,124.9747545937065,123.84278659677943
0,125.03965532630923,123.82240583828614
0,125.0598872991692,123.69953575890908
0,124.15248509579203,124.29697975682954
0,123.70002976804022,124.09827385815618
0,123.98029490082091,123.57194952884548
0,123.99252248489778,123.352536956669
0,124.0601018112681,123.18173440224166
0,125.58967285771391,126.03734386171328
0,125.70843598326476,126.27980884111318
0,125.81540549215933,126.29361583456006
0,125.76894927866142,126.32180066355039
0,126.18645032423062,126.37867145409092
0,127.19529941974113,127.30123722572756
0,127.89034503283455,132.18500008859417
0,127.67175890448637,132.35205120010886
0,128.47898048426975,132.29244285561018
0,128.88132804905234,132.0133968814383
0,129.0702908293971,131.6758821795733
0,129.1873723413413,131.44982586226368
0,129.32503775981326,131.29556554495707
0,129.19920013832729,130.99587104525563
0,128.95634378243537,130.7684959706768
0,129.96171411347694,132.28653172257998
0,129.36960079935358,131.6558671057271
0,129.17092118743366,131.23201011722824
0,128.95285165633342,131.20984959817218
0,128.71004312216118,131.1542940791656
0,128.41578782707433,130.9580854326432
0,128.239978463954,130.3792606675825
0,128.96035661159888,131.09732933297707
0,129.26959081065533,131.21358975554378
0,129.43173596158388,131.16092942739544
0,129.52742929379534,130.63028778792503
0,129.76584691002316,130.70573341705824
0,129.91214969903837,130.59904637068925
0,129.54987870957333,130.36198633675733
0,129.15422599392443,130.19630282794307
0,128.9079218606717,130.30941964782897
0,128.9970021847252,130.37492426195686
0,129.10072038913117,130.4108787523137
0,129.19585202225548,130.40651250954673
0,129.21034284029088,130.40400732461225
0,129.14524892082875,130.36101912812248
0,128.95084554097667,130.31995486082835
0,128.72647382969205,130.27488951086295
0,128.6373270209893,130.22697671344244
0,128.52189332102856,130.19962900621908
0,128.45234750511557,130.15484200312972
0,130.5020714523198,132.45277622944013
0,131.37685003951242,132.5517014479978
0,131.18767064039392,131.92110450806672
0,130.77056656151615,131.17503821702863
0,130.44715993001972,131.11439899900384
0,130.1215595533251,131.2119133364244
0,130.01705012435627,131.152358656507
0,129.6301665020282,131.22827885977054
0,129.1255598103906,131.33589012117028
0,129.04954419417496,131.69436004192974
0,129.57729750259492,133.1782221068443
0,130.08432211101268,133.78192367697054
0,130.52303362146236,133.37622456613667
0,130.5628514934626,133.2156260317594
0,130.6347361824847,133.0858387096973
0,130.6606768227939,132.83654589203442
0,130.74650320484642,132.68904600561498
0,130.66367834855996,132.632400469107
0,130.3710827698616,132.5590880389808
0,129.86707876905717,132.29949615798304
0,130.28264581800227,133.48770810244304
0,131.09976416760205,133.05973585187343
0,131.12113130946588,133.33915680298705
0,131.3077028230922,133.25590747622752
0,131.13562254253193,133.33679190380232
0,131.2299090226217,133.49016386229022
0,131.52133160437012,133.5396940695069
0,131.807228087154,133.60520237602674
0,132.0334309399713,133.6115166009076
0,132.18838586489667,133.59365348483132
0,132.13913490732364,134.5484628542326
0,132.0277051501371,135.15289182758278
0,132.09400172543016,135.24737131751533
0,132.04483255911867,135.5643470486371
0,132.0125367105258,135.5724703507979
0,132.0097286101986,135.49857920852094
0,131.91361358528218,135.2890756166144
0,131.9065191918999,135.1766422209741
0,131.7267093576932,135.0051589450052
0,131.70121079595688,134.9599144508679
0,132.57421415065338,135.31712954813597
0,133.37495803458847,135.63492806114706
0,133.5309443585402,135.74987433379715
0,133.59705164305686,135.54696638270667
0,133.60999443276756,135.5362729192497
0,133.59116413913202,135.503874432532
0,133.66580186906452,135.41559518403227
0,133.60475754483713,135.3804393731322
0,133.5099349845066,135.3527806505156
0,133.47931172793582,135.30367262774755
0,133.4792931285098,135.3212195344836
0,133.5074562052805,135.3603815714304
0,133.51254440960486,135.37897595121717
0,133.52109637807237,135.39409687857517
0,133.50695633678342,135.39062073889247
0,133.49645885409052,135.4140301495522
0,133.493546612866,135.45282777959753
0,133.4843818141566,135.49279786068064
0,133.4798111461964,135.54072225235973
0,133.47314973296673,135.5719065371042
0,133.877179605666,135.76829231669552
0,134.18814411847652,135.84885592406894
0,134.19355794958264,135.93341176748626
0,134.22955627390206,136.10601548001597
0,134.28418059923024,136.19088803117893
0,134.38402499761455,136.28924759718026
0,134.53162234053156,136.33863037206388
0,134.63461060363667,136.35262598581346
0,134.68497067595683,136.3409210651322
0,134.70611585049227,136.29786134440104
0,134.71898619908492,136.26238620914665
0,134.68973575640985,136.0577733611474
0,134.6900490654796,135.93125396633383
0,134.7100702509992,135.84660733569217
0,134.7270725952103,135.80634735099446
0,134.75890871950318,135.8166582273558
0,134.7505973548431,135.7537803470881
0,134.74806837852188,135.73132573602726
0,134.74979728255565,135.73427871804128
0,134.7372360157489,135.71450289968834
0,134.87761157413468,135.7038547449444
0,134.94865562561878,135.6580776546936
0,134.89722915107131,135.55071931154518
0,134.88928979289557,135.4805094188243
0,118.70691944740092,123.36902889468543
0,120.8907614225055,122.90252346119128
0,120.63251745907574,123.48614473258816
0,123.68996269237077,122.62865129383141
0,122.9955662262481,122.33931430363657
0,123.70002738034965,122.06446641788041
0,123.4482254466186,123.01698259313525
0,123.07971746730261,123.12503563397853
0,123.28083206887865,123.29330218223137
0,123.11454089683465,123.28151540263255
0,122.58331996558633,123.36560003141626
0,122.2802274113082,123.35532655545188
0,121.94144580644058,123.34341380755814
0,122.17157733152567,123.29864878359595
0,122.09481914878499,123.3122829004191
0,122.08804533360774,123.44149414392677
0,121.99385194626925,123.59071351335525
0,121.92142099627765,123.73569256225062
0,121.91109455514777,123.74521101088592
0,121.89054777277497,123.78428214150699
0,121.9721621150169,123.77594733826257
0,122.01269595740617,123.77860403945583
0,122.0247362674969,123.84220878638965
0,122.13447589684225,123.8347787373544
0,122.4013686088523,123.67016123369724
0,122.34970594628922,123.0178095789843
0,122.30221769774043,122.99267094737269
0,122.26145423510711,122.97003150654142
0,122.22119920116899,122.94651073425469
0,122.18627766857065,122.92080283619815
0,122.14341389307833,122.89722659062349
0,122.12129713065563,122.88234995219759
0,122.10909012879311,122.87845598923234
0,121.82483212897678,122.36161419754539
0,121.63314609464247,122.05146815136703
0,121.54211954068339,121.8504656845256
0,121.48674192957343,121.70676630032185
0,121.42980676353355,121.63013960624905
0,121.38045815014002,121.57447788858643
0,121.32340836811962,121.5366496701331
0,121.26665614642057,121.49846150792334
0,121.20987251466845,121.48507548485294
0,121.1625494746786,121.48173707069188
0,121.1580439227941,121.40925076213415
0,121.05642320574731,121.38026137030157
0,121.01924105031979,121.2950682983716
0,120.95055084501178,121.38195334710636
0,120.94268395165298,121.48758670922489
0,120.9212354369911,121.56455283168229
0,120.91090875962914,121.54213560508269
0,120.90868558739757,121.5060853329814
0,120.90331876792266,121.47045158493728
0,120.91234935818812,121.44551168441383
0,121.47240730892248,121.19397860536036
0,121.5802690802449,120.9811522895842
0,121.54576916321419,120.94885456500424
0,121.5470770098849,120.998879079904
0,121.55609809797421,121.04511566024374
0,121.56300947396727,121.07105694427139
0,121.57430795776214,121.08279139334445
0,121.6276763036882,121.09594256645974
0,121.64730634593157,121.08808458270379
0,121.64793508329242,121.04868535208567
0,122.34640094067672,120.74274017452217
0,122.59296383151651,120.63189738754953
0,123.07675078406314,120.79764107999476
0,123.14178043475869,121.01643766303208
0,123.2865403387557,121.10023262106317
0,123.44316540452202,121.13308087175729
0,123.46296058167111,121.26364435358076
0,123.29540597950361,121.5520363538299
0,123.24303191813186,121.68971480436214
0,123.2580926909417,121.84154253333205
0,123.25014173792995,121.94402890639165
0,123.26719117191077,122.03162269129584
0,123.27406375923242,122.1167621361609
0,123.26983973381367,122.18771994901408
0,123.26835669466938,122.23673483960198
0,123.26649311534597,122.29464663272826
0,123.26623797209854,122.34796363256486
0,123.27340393602057,122.41290558520451
0,123.2720622725944,122.45966663796338
0,122.73815817349976,121.8242647938282
0,122.93100983577712,122.02529615806557
0,123.04453089939959,122.24986377008014
0,122.99259566898638,122.30749112543953
0,122.91586323268359,122.28242074188296
0,122.77252213292654,122.27212385738927
0,122.71390254572846,122.32922214467291
0,122.69860326423793,122.33038866013658
0,122.65760356349121,122.28775813489142
0,122.55627490121951,122.20141878485941
0,122.29241439419319,121.33163318055938
0,122.21661461308383,120.81422755050345
0,122.07877991482857,120.58052944688153
0,122.10005963756667,120.54664200060283
0,122.14374644345956,120.56890013621997
0,122.1290542812986,120.5814685769231
0,122.0855118309121,120.65347140790281
0,122.08114477008108,120.74856524116893
0,122.11253558360151,120.83830167417842
0,122.8928286373821,120.3516914540301
0,123.42914787677735,119.70057621292268
0,124.09272094978876,119.24344593346994
0,124.08071278226265,118.91453386003852
0,124.19537092368559,118.55610898395545
0,123.98381552364908,118.40527517462792
0,123.8477739338473,118.42807893044133
0,123.72552833806759,118.43493929314516
0,123.63657703522509,118.51152824565439
0,123.59029329413366,118.60489541085757
0,122.485263242573,118.34996892326646
0,122.01158513191994,118.23064454190673
0,122.20622652896715,118.73827468796108
0,122.24912419370035,119.55238828100919
0,122.2917277035298,120.24365199217426
0,122.30497978423793,120.39958120326773
0,122.28262465626929,120.26002828426951
0,122.28609079233692,120.1210229851956
0,122.29272776186176,120.01209516053616
0,122.33754373973507,119.9764128674578
0,121.84543290165539,119.90234023136355
0,122.13557997496444,119.97795187398643
0,122.05720967126463,120.08299571641129
0,122.22151850673933,120.32310866078255
0,122.41847783867937,120.48518856697638
0,122.7707378273552,120.52187345615408
0,123.07743888932914,120.7585472560787
0,123.25446522276489,121.0455372445179
0,123.56057060044361,121.12660196985412
0,124.01502936309859,121.19943066061315
0,124.46092615498476,121.19510915351462
0,124.83599129459581,121.20534196428466
0,124.94889302020188,121.31784977112481
0,125.07315916037375,121.38497768682355
0,125.18389039144506,121.43735122174125
0,125.17704631975148,121.44574821407772
0,125.16739719184008,121.4643176469919
0,125.1624607320583,121.47745676257368
0,125.16789665280396,121.45438469662956
0,125.16614119475568,121.43912691263131
0,124.7208204962151,121.57052963771723
0,124.74675014033697,121.5935690154926
0,125.02593133679197,122.01985915275785
0,125.14897732491445,122.13413210369775
0,125.21619075427638,122.43268017004871
0,125.26126597386516,122.87927297880857
0,125.269428871294,123.07183178243409
0,125.28276822245114,123.12940252798724
0,125.31225522624628,123.11435776898543
0,125.3316742895689,123.08148100318935
0,125.56810543328477,124.46370872815201
0,125.54878596222903,124.05238413432497
0,125.8357706353275,124.10977578461133
0,125.77830797196235,123.97323734813047
0,125.5941399793636,123.7153172401112
0,125.49554842035262,123.45083946976192
0,125.43724763890344,123.21381723077941
0,125.38354571049085,123.12455252543907
0,125.37804069979276,123.0961936211789
0,125.3795830561061,123.14831680091983
0,125.74729003224256,124.38285365658338
0,126.04318752145248,124.38967147231335
0,126.0964854743065,124.7230545916671
0,126.00754621906145,124.71219311522812
0,126.1342197487322,124.2325378614571
0,126.18613906922188,123.97727867730323
0,126.29533362068305,123.82182305812357
0,126.34237986947463,123.83222592655547
0,126.34838158697235,123.77458645101567
0,126.3016595736681,123.76702145365215
0,126.08916831690163,124.7268948074632
0,125.31776282625698,124.67801904898035
0,124.34926951006628,124.82065973967052
0,124.46887584602368,124.62726963332211
0,125.13579870935312,124.36003643483028
0,122.08557825357298,124.05254094668649
0,123.43371969230941,124.03695190459736
0,124.20176621469308,123.95434294716465
0,124.47211679087918,124.03838099594432
0,124.64841281164571,124.28562571802162
0,124.44562597876947,125.21925708163755
0,124.92162233379783,124.94695015606808
0,125.08776685155398,124.55302970862041
0,125.96763403009147,124.77003909462226
0,126.12122572027077,125.25792518552007
0,126.4407630061016,125.44939472736097
0,126.62534469472304,125.56504885297463
0,127.06885641428225,125.59865921273149
0,127.44928663540576,125.68152101132493
0,127.58651664464057,125.71006079596266
0,127.6226846771693,125.761452735591
0,127.5342572279977,125.8695928076539
0,127.42323230212867,126.06549702953247
0,127.33566556862255,126.2128941794465
0,127.31462208562874,126.28364958371515
0,127.29803518198234,126.33387171616725
0,127.29541321997,126.36687329381996
0,127.29428013879593,126.38223383053904
0,127.28444722635237,126.40330942555481
0,127.29974700181306,126.44970298680418
0,128.46795469182635,128.81167907607195
0,128.23204140549518,129.081761773327
0,128.35404997964324,128.8477744817296
0,128.34976133361104,128.79551023418628
0,127.99777848806093,128.62477294045152
0,127.73970650777787,128.5150581533005
0,127.58329973800633,128.4059047147797
0,127.47911885657479,128.34823467608297
0,127.55372670162015,128.28982913741683
0,127.51253325019432,128.2942782899531
0,127.61442869520184,131.08642050821035
0,127.04333995776624,130.87621405743613
0,126.50360041064663,130.2318550628976
0,125.9711180033076,129.41205499077506
0,125.93728208149732,128.85832205722195
0,125.87380925363628,128.58169841715025
0,125.77584327506375,128.46525084161655
0,125.7218331014825,128.50803169198306
0,125.67825475317493,128.56867558702666
0,125.76535645131763,128.7046445850201
0,126.36379141705876,130.22110756546385
0,126.15822933112723,130.61243211265602
0,126.1311808161541,130.12984718624614
0,125.91379467254002,129.4758187425959
0,125.59942276993023,129.14512835685576
0,125.49197986133537,128.77472284936857
0,125.49650340024957,128.556834218356
0,125.49707063982206,128.4641465957854
0,125.53206713920771,128.40014821493995
0,125.76320585435465,128.42368663166184
0,125.89034084356037,130.07612049927522
0,126.76730181606139,130.29339924568532
0,127.62261265080285,130.38355101297512
0,127.5926931122797,130.45701395979907
0,127.41073962348705,130.20878397435607
0,127.42164515651832,130.19964732347185
0,127.05681913661871,129.79973709712291
0,126.71120761947365,129.49671811923278
0,126.44470025417006,129.42273396948048
0,126.27682193969972,129.33768523494027
0,127.47489892988737,130.13024178761057
0,127.71681886886684,131.2617868558069
0,128.02705963302097,131.31192925990769
0,127.61971673727444,130.83954973377038
0,127.35578807163894,130.7855494166005
0,127.35502022993694,130.71324023896685
0,127.7364598332971,130.8581922038647
0,128.1867136921093,130.7476619494695
0,128.51975940335916,130.54083604784054
0,128.8124874305493,130.49453879206968
0,129.11901511100524,130.51888583246136
0,129.1675702726709,130.47895749934048
0,129.30558549861243,130.5075184192657
0,129.20019180145582,130.55618808555138
0,129.03193689543266,130.55816730785142
0,128.89110270852217,130.55930466165634
0,128.79346189627768,130.56571515451608
0,128.66938131815286,130.55639671211537
0,128.60870474576743,130.54715582735383
0,129.73127456046055,130.5582704824724
0,129.7294315307429,131.30726544775794
0,129.20386165617145,131.41766667980718
0,128.49722714861323,131.3639030290385
0,128.2310622077992,131.2652543156277
0,128.4014132540389,131.26503565470784
0,128.16404256028324,131.262395915275
0,127.86240817029238,131.22128528674702
0,127.73544180527796,131.20391206376786
0,127.58326790703217,131.26007017463203
0,127.45257314218463,131.17253022659494
0,127.44285904196138,131.17611643438875
0,127.6253801456748,131.068220811978
0,127.74675085681942,131.36630752614215
0,127.73966495366535,131.39265890304043
0,128.01218107585217,131.24036233761785
0,128.0584579123575,131.07597038235915
0,127.76343799322528,130.76007428382974
0,127.53074646109796,130.92452540966738
0,127.25543592997737,130.86687056422772
0,128.11851500530057,131.0545592102107
0,127.94985386729374,131.2566919708298
0,128.0445609785708,131.6604918823454
0,128.82796979739413,132.15161647129003
0,129.32702115466725,132.260986757491
0,129.88546598987912,132.2203148424388
0,130.0883950521928,132.21642756286892
0,130.24301313325117,132.2658622213711
0,130.43524272768846,132.33238492069304
0,130.6917317531815,132.3386534724736
0,130.99353502216638,134.54535860066315
0,130.85018112645955,134.55800902528952
0,130.70843780376978,134.18921840927504
0,130.67501645224382,134.0300980010546
0,130.65259434938932,134.01367645653207
0,130.64653983352898,134.06357331972814
0,130.64048500633993,134.2333125379583
0,130.61599884476482,134.35097267274995
0,130.49892952482767,134.30259928282854
0,130.33363971495652,134.2174818531725
0,131.32742066411805,134.8205470028936
0,131.61867274325073,134.90992752578336
0,131.96283142467877,135.3305247898132
0,132.0234837864473,135.50583461483765
0,131.94080985020275,135.591272426623
0,131.87593645756186,135.6603751767192
0,131.78257789647114,135.58793948396695
0,131.68909103424897,135.51558437608017
0,131.6103837007449,135.46930691523954
0,131.56493112958657,135.4426974678603
0,131.4730449825625,135.40863925907755
0,131.4229747359127,135.35315134670688
0,131.3935580874994,135.3078171237219
0,131.37832016713432,135.27277969491453
0,131.3636419596521,135.20330291529723
0,131.35856318484292,135.17036029430065
0,134.1826470256868,136.89528871828992
0,152.17161035137903,149.74755995690336
0,158.2091960531808,158.05511015330907
0,162.36526010864475,163.03492035230565
0,165.26736455088135,165.3415074611604
0,166.8676687182063,166.91473805031868
0,167.66569176338376,168.56196302689065
0,169.03743479922667,169.19674650121135
0,168.88144161142492,168.56911009536023
0,169.3460392983099,168.99495397358544
0,169.07392370569949,168.56938000772973
0,168.94496097989332,168.3895759438319
1,174.3034701103383,179.15182064719613
1,173.5176335704063,177.8189649428743
1,173.36332311433299,177.73209958408464
1,173.2295708062599,177.30119243099065
1,173.82194910362898,177.14855900279045
1,173.87951656624497,177.0825094544318
1,173.94938487143182,177.05564138395823
1,174.04454668205497,177.0380058024236
1,174.1163997932076,177.03765568914147
1,174.17414410040152,177.03084097231053
1,173.91674914051998,176.39874972984595
1,173.5425134873337,176.29312965232378
1,173.5725268623602,176.36310382214384
1,173.58713217172158,176.55358997250556
1,173.6299028203542,176.7021149793686
1,173.72965657097959,176.76647245731098
1,173.7174149011917,176.1274860836213
1,174.62771958022134,177.54772495362408
1,174.61245769976344,177.53746759256964
1,174.65995314669217,177.52809612915306
1,174.6444767464098,177.50567972994105
1,174.59703102695042,177.51169204420705
1,174.49901149468175,177.5065874225598
1,174.48659861133953,177.54611306597076
1,174.491770080565,177.58584173505025
1,174.3057544620246,178.0747041824541
1,176.24850805242826,178.50050070430294
1,176.20160896734058,178.38619434152324
1,176.1959430789952,178.27253950486227
1,176.17820480445317,178.22450910377398
1,176.33478724679617,178.4464335424017
1,175.8221602671801,178.12635741786147
1,176.00878117205696,178.5006621585339
1,176.6141491555257,178.96963694304694
1,177.1811263382359,179.44216406059138
1,177.2965761742951,179.49177839512822
1,177.52731556548375,179.82287843023437
1,177.85307451771862,179.82927654194262
1,178.05053162502065,179.7220703704312
1,178.11422177418254,179.6785779784146
1,177.41819160412044,179.94342354913266
1,178.04897396712548,178.82798519977476
1,176.43091022918247,179.95742005797305
1,176.4561849130475,179.97466099220026
1,176.46185099138557,179.99548018946766
1,176.4673721817965,179.97071845765325
1,176.46776801850478,179.94980836190197
1,176.46578292298784,179.9253644750116
1,176.46500223583254,179.9012568910828
1,176.46978491027255,179.89163464554352
1,175.93276721362048,178.92092782199308
1,175.8484965218295,179.07197183110628
1,175.955290741439,179.2091346516146
1,176.85763779855117,179.70536221852288
1,176.71319065498818,178.27300296049643
1,176.9144113051171,178.3667166080397
1,176.9749101485601,178.38775596733586
1,176.91599144256273,178.33825003960268
1,176.8494832529528,178.28766863415657
1,176.77623611076024,178.11913009513074
1,176.28691444381832,177.3570012072759
1,176.17223278914804,177.6487265168418
1,176.20419433775865,177.52447610150261
1,175.8371319097561,177.17944748604603
1,175.74600216140692,177.0653564098427
1,175.96445445554508,177.02407515437696
1,176.26620113362557,177.05236160628334
1,176.51069405231183,177.83581891081585
1,176.71318405110566,177.11513400509682
1,176.62846420526802,177.00713339237495
1,176.18819503128051,177.76477376976655
1,175.99076367520286,177.83080080407427
1,175.73034968987972,177.80862412181457
1,175.77265202081756,177.71113602709826
1,175.71203557381554,177.695384348156
1,175.72542155785126,177.467377216537
1,175.68299702037183,177.17526421351133
1,175.69559916228573,176.97879875411942
1,175.68003552022435,176.83542290310916
1,175.66064470479347,176.76584452696963
1,175.1095584780619,176.33543845617584
1,174.6275099107587,176.10251971741695
1,174.82348952885033,175.99081492771626
1,174.86253720200492,175.6562101970195
1,174.89796991142177,175.1982835349075
1,174.92435556322977,174.85727696061102
1,174.9922136392688,174.58768534668482
1,175.01784083216145,174.40775575628174
1,175.11964165502195,174.40273129774297
1,175.1790137424319,174.36054122271364
1,174.21567663073796,174.3377923585155
1,174.415691306668,175.09990150352218
1,174.84651813855876,175.69801785515864
1,175.81655916306374,175.75989976141642
1,179.28642617244304,176.61191712220548
1,179.29778115004666,176.57316888936273
1,179.27687481376893,176.53837509462602
1,179.30114200855317,176.4959286307139
1,179.31922143731538,176.44017183675308
1,179.31476043193925,176.29282838485622
1,179.27327400952353,176.22296485563572
1,179.31815585182716,176.26053231989408
1,179.4194569956984,176.30138642445303
1,179.57964772132337,176.34754389421434
1,179.74628504157,176.391020223352
1,179.82478875931454,176.44036438231143
1,179.84385505714508,176.48139023960172
1,179.85317054751445,176.5155645445796
1,179.8293440792411,176.54505368759777
1,179.79491358613828,176.54457661263362
1,179.78201326385616,176.50928209790317
1,179.76497830994282,174.79579718634494
1,177.85274399881442,175.97578851034714
1,178.08586938190263,175.976243747916
1,178.03182955760883,176.55426560367144
1,177.9501907211358,176.5969055664151
1,177.97407231935873,176.66950311725182
1,178.01213002680146,176.92947226931892
1,178.02661277880316,177.10320547713818
1,177.9738358871919,177.24724079137795
1,177.7871000239117,177.4541367535284
1,177.74080033162093,177.10958827209157
1,177.71388581532452,176.9835165060887
1,177.74723606241864,176.667413568771
1,177.6951449493251,176.53931824806463
1,177.54366766667445,176.59385584124522
1,177.3806644576256,176.6490320367171
1,177.27024550959234,176.71747246837418
1,177.18262700946627,176.7818188743407
1,177.10544536957607,176.84536805758904
1,177.0940513513183,176.86435444286724
1,177.27189252992153,176.81016348830968
1,177.2202167765243,177.03269795799847
1,177.20801767004446,177.20075912861194
1,177.20868683918198,177.26959544207958
1,177.21518313546903,177.28885283453354
1,177.24325228106775,177.29243947677625
1,177.2162741357137,177.2379734088852
1,176.92551954825012,177.05878719436123
1,176.91647644858463,177.0372033265301
1,176.9066076863877,177.0174943875034
1,176.89596063276068,177.00238033144117
1,176.81108352288453,176.99899703394405
1,176.84978947584514,177.03456139565577
1,176.89336756721534,176.99580732329093
1,176.9252524358376,176.95250724254086
1,178.9803891565473,177.30308194228803
1,176.2805693119319,174.46820732921944
1,176.40487747957118,174.83846840252045
1,176.51234492430783,175.08099452909127
1,176.59758974094618,175.1308716465738
1,175.16688211340676,172.56622178325046
1,174.6676023860924,171.97733792375905
1,174.5667273816041,172.067342139486
1,174.5989867172248,172.48660527560688
1,174.99228221401452,172.8883880439491
1,175.36563132503193,173.22286682457553
1,175.69009993340242,173.41912328665725
1,176.33156612397042,173.6850274943668
1,176.4930901274019,173.80924680112332
1,176.6202602448012,173.93039313669084
1,176.61732525401504,174.19017695480287
1,173.66158634414455,170.27332592266052
1,173.70540707100903,170.47900206315708
1,173.7187680028353,170.70253239630435
1,173.756283136128,171.03392796088008
1,173.80534881740087,171.20047378941305
1,173.83213827948995,171.35337325015868
1,172.33283919298998,168.03539241997467
1,172.12980690959841,168.02288673577533
1,171.99074922088775,167.67095821140086
1,172.0480160831191,167.66726107342697
1,172.1417395392909,167.99724647682135
1,172.16990189019995,168.1624388631695
1,172.16392920763428,168.32227815372644
1,172.1478150939555,168.42284308488172
1,171.80096257472292,167.57961753386357
1,170.95167762341836,170.26034143394395
1,170.95752486902887,170.30077294999325
1,170.97733581192992,170.33678641163476
1,170.98582143339004,170.3666556215503
1,171.43576128006518,169.843010255553
1,172.45330358769513,170.63815256808036
1,172.31370077786272,170.56221288194672
1,172.65117410818488,170.77617962976578
1,172.54502524974117,170.69155133721208
1,172.61662933093788,170.93463474366115
1,173.29503861838083,171.23932390086145
1,174.03271140452236,172.84084509903624
1,174.16254357744788,172.91010312110282
1,174.19288778408009,172.9539894916449
1,174.17953859091503,172.9601902869079
1,174.1453312565641,172.97436218250218
1,174.14421708528374,172.99420361693316
1,174.1462924370761,173.0242826235089
1,174.11839784995405,173.01732607076448
1,174.09858136537324,173.00916378371036
1,174.08339575915846,173.0214596117719
1,174.0686138569965,173.02257842718535
1,173.98738293733126,174.6959488277033
1,172.05639629722197,170.78868732162695
1,172.1657491193493,170.8706350357541
1,171.7345302950198,170.5098642894387
1,171.23319555932517,170.15440532744068
1,171.0024101530654,170.00987608666097
1,170.9515627087019,170.0311260260328
1,170.90130243430062,170.06932277001613
1,170.761751526978,170.01468399700676
1,170.52703146672658,169.8758823196509
1,170.5469010628293,168.83102403746653
1,170.63967400692567,168.74200399512924
1,170.54355185540575,168.9328926700109
1,170.4111730729528,169.0790838009547
1,170.64793397480884,170.04801717444255
1,169.97718528046067,170.02480996108844
1,170.00624883672413,170.0290619119936
1,170.01569233673814,170.01918890975406
1,170.40949455348863,170.1799496490582
1,169.93354038869592,169.8351418290944
1,170.05115975305276,169.7959881041919
1,170.23568974643243,169.77679839908566
1,170.26177538409704,169.86890503509585
1,170.37261793897056,170.1546801755615
1,168.90400572254413,170.40494811666338
1,168.86586381451198,170.50877606430674
1,167.5224620059353,169.36511226650313
1,167.18624755790694,169.38958744801855
1,167.33640532224948,169.82476556017625
1,167.09084611586965,169.7148297716213
1,167.2976401621383,169.84090042319377
1,167.6845244954894,170.09170995660378
1,167.72156058378272,170.1923611411559
1,167.63277106379195,170.14628129391755
1,165.4233648087703,167.90963110197657
1,165.1189287737218,166.81350144280069
1,164.44801137166272,166.29121876117563
1,163.92033312376375,166.11393473011793
1,163.53317370382163,166.1136668004185
1,163.45207083529468,166.18941223230064
1,163.61177916333037,166.53784360028297
1,163.81201881884564,166.82218178306596
1,164.0775665144111,167.13461028386314
1,164.16857163988658,167.2324017332887
1,164.42885824716643,166.84957535915248
1,163.9929904477677,166.36487101127128
1,163.65209923805858,165.68104276974893
1,162.66073197909623,164.562370968464
1,160.91398409108365,163.27555053956075
1,160.8674482702603,163.205239699804
1,160.87074644480643,163.18301073698393
1,160.8928290653579,163.14502266871082
1,160.61271663126283,163.1288999206584
1,160.44810955491812,163.2112746993155
1,160.4270232355036,163.2429832456956
1,160.4034406343417,163.2827202317633
1,160.34081828018148,163.20129617129138
1,160.26409455156949,163.05370285926864
1,160.16123982996106,162.86592227157817
1,160.1120521323619,162.74068915389694
1,160.05700186551869,162.6123890467649
1,159.91059629237083,162.17368518365225
1,161.1545615699834,162.90448649105358
1,161.24910476557474,163.01501103123255
1,161.26692220074415,163.09193007915334
1,161.3070194320698,163.15228797926704
1,161.49938470136638,163.67495944327408
1,161.61667096504618,164.04681109101418
1,161.69776716480814,164.2495053372293
1,161.7664329457436,164.4026151977273
1,161.8157841147317,164.50976223606497
1,161.94474563257936,164.80803265758968
1,162.9659849556377,166.20799821690102
1,162.98814856631296,166.20770143205576
1,163.00946446069818,166.20582158645195
1,163.02630198303387,166.2036416479
1,163.0359396499362,166.2026442596899
1,163.04171178182847,166.1983580469056
1,163.1903640671308,166.25488687582924
1,163.2952317971869,166.3036008284698
1,163.53302763788096,166.21224844221285
1,164.2764471856084,166.90813500427691
1,164.33170353458092,166.97320397907848
1,164.38946649515606,167.0231824948425
1,164.4184383767588,167.0471639694728
1,164.46761327727816,167.09649639548866
1,165.40489158527723,168.4247166377308
1,165.95381211588742,169.04459822973985
1,165.95543849777155,169.05623780023464
1,165.95619086160673,169.0645289480736
1,165.9599948779551,169.0654656245301
1,165.95864813176877,169.06440110414033
1,165.95413278071345,169.06481893638986
1,165.95318736746927,169.06579072626303
1,165.9495459897489,169.06584370285884
1,166.0039618922883,169.07588659854434
1,166.0342071113643,169.0801155710583
1,166.15754729648035,169.11506514258897
1,166.30296391321858,169.31768423259516
1,166.29393283815645,169.32033674855788
1,166.3100816094601,169.32708824686944
1,166.32314791120706,169.33622663645295
1,166.34238745055436,169.35017871404287
1,166.3286286996888,169.36064889184607
1,166.32543013311752,169.37649848247247
1,166.33319829741728,169.3652557170975
1,170.7102439595102,167.9958080846881
1,169.99528789193602,167.32777751247275
1,170.54901629848143,167.26241451901748
1,170.59252249549004,167.29841149473432
1,170.73349673243723,167.70765270673198
1,170.69281047234543,167.97703507980617
1,170.71685763242004,168.15035636898722
1,170.83440621265078,168.19060237704159
1,170.8877134056638,168.09047786528734
1,170.96401780106717,167.9932141106669
1,171.03959314251156,167.91227395159012
1,171.10350121865983,167.85744986126133
1,171.1393086523327,167.81759073319245
1,171.15596747772904,167.76574079506543
1,171.36989971609364,168.3711577968811
1,171.605855085367,168.37874719138136
1,171.75398520193465,168.35073232803876
1,171.79985908618895,168.3003334541335
1,171.8631326970858,168.29895678229778
1,171.87318960912123,168.28635079861996
1,171.82380498216014,168.24187842134725
1,171.81448801638052,168.23987898631705
1,171.81610378053765,168.25348858791028
1,171.79708389644063,168.2626973315048
1,172.70724992512953,168.50860940903326
1,173.30554356151939,170.20606771534653
1,173.14306827935036,169.97768425396578
1,173.0941462886741,169.91191457055538
1,173.20446104832862,169.97711629525182
1,173.23177112819954,169.99051255770806
1,173.23015912243412,169.93731753829786
1,173.25530568721084,169.90741939877304
1,173.26020857835363,169.90248312451345
1,173.776571302566,170.5844658610627
1,173.38485304883636,170.05695614442004
1,173.37337813340375,170.04431845973113
1,174.10760639907383,170.98546765564794
1,174.51189887324415,171.68621351442974
1,174.81026524191816,171.7376623665505
1,175.0539295220006,171.75572660290584
1,175.28563227123527,171.90629564296736
1,175.46971965826322,172.07501486432963
1,175.57918816010155,172.16359079962467
1,175.64794074733604,172.234255203122
1,175.68567611614546,172.2497029709713
1,175.69308507026534,172.2609773477466
1,175.54743333835805,172.77735035570012
1,175.37907113575935,172.46446366071152
1,176.55738730447655,174.12241145774752
1,176.52723915975346,174.1385979783384
1,176.76780100877767,174.151070432419
1,177.09466532826013,174.40521889985231
1,177.3013554335799,174.38478708414627
1,177.3160878861924,174.35697404824316
1,177.27274235586566,174.35749008723815
1,177.20095317979155,174.37846460720925
1,177.17000784263243,174.38388852731634
1,177.20795443482643,174.36798177505602
1,176.15700353745487,173.95588894150055
1,176.17989461688123,174.1178151885097
1,174.52384023141553,173.26725292695542
1,174.40831924555164,173.1732247710514
1,174.43862889705912,173.1512173687692
1,174.48753997414465,173.14961097517997
1,174.58924073094906,173.2035806389324
1,174.68883851157364,173.1916192014921
1,174.7525628540037,173.19890545269553
1,174.77902634470388,173.21791806359536
1,173.93061100418055,173.7328834015406
1,174.36416652053046,173.54083968829886
1,174.4268209815052,173.10937680456755
1,174.57652549966073,173.1232598860013
1,174.91945340778594,173.82932859706295
1,175.16892381110304,174.15039728595636
1,175.4249810512474,174.44240772224495
1,175.67706468723193,174.6443245753467
1,175.8825767827622,174.85112473264462
1,176.05235195595796,175.21740446190927
1,176.05461400224962,175.36703638117876
1,174.18015863078935,174.24412381509183
1,174.3614807077382,173.7281310864811
1,174.54450589496037,173.4304531744602
1,174.69514648600028,173.14260603485633
1,174.96031630117267,173.2639757795133
1,175.18163025843361,173.6346779483229
1,175.29456729398734,173.9368552361379
1,175.31430117108684,174.10487679074606
1,175.34671864123194,174.2889489399894
1,175.27700851283964,174.3668060801297
1,175.2395324173182,174.46418758340863
1,175.22660834179928,174.55421704378332
1,175.19699414916366,174.6115719506367
1,175.1655580923784,174.66443083144537
1,175.11346403405253,174.66318821773498
1,175.0796778708438,174.67308458331684
1,175.05796938865308,174.68364921669667
1,175.0610032167448,174.69888821093727
1,175.06272700869658,174.70981742132923
1,175.06441545791543,174.72445960083712
1,174.68161409143107,174.52565131245728
1,174.6283719615846,174.5677549480368
1,174.9125176803265,174.85827745488456
1,175.04130157990363,175.0473389883184
1,174.9869160766317,175.06396514003734
1,174.9648417036637,175.08443553301422
1,175.27898862407903,175.28834189230113
1,175.99157705603972,175.1209893393967
1,175.95132346331607,175.08715340935333
1,175.89121354577645,174.98893830716602
1,175.80563638250015,174.91444587097465
1,175.73978163422498,174.8368551866407
1,174.8881793004432,174.0044983646476
1,174.8473806169273,173.66436986051798
1,175.13260213111442,173.7475312570593
1,175.1182725049478,173.87045917549827
1,175.24259156328705,174.03489326126075
1,175.32440554933166,174.13654475653024
1,175.39269307386934,174.30287700534132
1,175.49415789083264,174.52202939251183
1,175.6470538525585,174.76671970208332
1,175.71881323317618,175.0297376374465
1,175.46925123621642,175.25396798989482
1,176.56791590937306,175.4700239481873
1,176.49379543318,175.5251295149922
1,176.68972002524117,175.56685609257087
1,177.06813416099527,176.28633958311485
1,177.3814862954189,176.879727651901
1,177.54469683716846,177.27537710549882
1,177.65050578534715,177.50218226016622
1,177.66465417906377,177.6516197529668
1,177.69361920750922,177.72970243541178
1,175.92400625616725,176.21104651006956
1,174.10000733672572,177.03086818475495
1,174.13158168135084,177.04939785553304
1,174.97552482615663,177.95799300672314
1,175.26500574021114,178.40580337679702
1,175.64976408208324,178.5775287793128
1,176.10143132737676,178.69256091165127
1,176.28161011893698,178.81173617826505
1,176.22244654765967,178.82856236733963
1,176.17789359141315,178.83498789932665
1,176.16898594308884,178.8461220145908
1,175.5374251675016,178.16875444284153
1,178.14233327069377,178.26081142003792
1,178.0347277480873,178.33258131173272
1,178.07803310232308,178.3018480225675
1,178.11598932468965,178.35821431331502
1,178.13461005139118,178.4246045058058
1,178.110464607348,178.48847440500566
1,178.08640260697013,178.55327131227997
1,177.34816731362935,178.5216725925187
1,177.20959665751414,178.40862751022266
1,177.2082830038017,178.5142320798497
1,177.21784161344698,178.5533583222835
1,177.31732067649372,178.49109761179426
1,178.1638634343318,178.24826525209411
1,179.6915374123589,178.14907300696825
1,179.751289367214,178.22338531436242
1,179.73264901837058,178.30342307467393
1,179.71212196300914,178.34734492100466
1,179.70268278479247,178.39508311479847
1,179.65662574384362,178.44466290766024
1,179.63871079451295,178.48541986235165
1,179.62497102158355,178.52045205199013
1,179.6154744641447,178.56866506320185
1,179.59362456314037,178.62105357151938
1,179.57848571014236,178.65145352278537
1,179.56828832980935,178.66928576246258
1,179.5449563530488,178.68381066765178
1,179.52363067664797,178.70416768193772
1,179.50159067502537,178.72994036872512
1,179.4698840280761,178.8311660156828
1,179.42732150693973,178.91594509778537
1,176.58467853643813,178.11784657065238
1,172.7089811438032,173.67406015456865
1,171.99029060531888,173.14983461670715
1,171.9255674041237,172.6903804061047
1,172.22380725596375,172.56798200238168
1,172.489581944007,172.40683828575217
1,172.49515803404188,172.1660760969171
1,172.38349591668396,172.14397929107682
1,172.13232020240014,172.13569758534265
1,171.9472437926094,172.1788242519992
1,171.87485308342502,170.7188171191541
1,171.78791122167334,170.0074504373693
1,171.97877892374308,169.93793643153415
1,171.55895647272538,170.353542840203
1,170.9013411629997,169.49150027696126
1,170.89843391739552,169.2934798221542
1,170.93887363506286,169.1937569224648
1,171.00355562286938,169.1614814766124
1,170.74196955739112,169.7569863015203
1,170.34526504262095,169.62115184391692
1,170.26328614907337,169.45703340965906
1,170.2404586369718,169.39082129636228
1,170.13274876357139,169.26729917961373
1,170.19149706173135,169.20412295495134
1,170.21987132370484,169.19140295709605
1,170.77137878405057,170.2881680795676
1,168.94830565665248,169.78991629497656
1,169.0927840424813,169.7972205073659
1,169.24282526949776,169.8376724452702
1,169.34650044684616,169.83811723724864
1,169.42599384504004,169.83591403829573
1,168.4577799766186,169.90167814082486
1,170.86621328777505,171.87971286027164
1,171.7677595256483,171.41166144101567
1,170.61449965522516,169.56458947987383
1,169.50817414907036,169.22648016201757
1,169.99404772038358,169.37662124474699
1,170.50410308178286,169.99558403321586
1,170.71082137500827,169.74157178877206
1,170.4493554679158,168.75956129099686
1,173.2028437419559,179.05931155260748
1,173.48052098999372,178.12480887358774
1,172.76973583191423,177.8671059009873
1,173.4449479144808,178.3948758539747
1,172.59284390879438,177.0856616532702
1,172.69459682853338,176.8576088909523
1,173.76014246007506,177.56071975721756
1,173.33777266432085,177.58061582027585
1,175.8516998917571,178.95199993733982
1,176.13205068685565,179.23431835681188
1,176.37321482362594,179.7695919647378
1,175.39136464167265,179.38972924842858
1,175.9617069332579,179.4997114850206
1,177.00701072911951,179.84545501500165
1,175.13136505589512,178.61828197519617
1,175.79317575113274,178.6071496983308
1,175.22245426320305,178.34083013018068
1,175.77250973698096,176.96251867404396
1,176.14745022553547,174.96303622408925
1,178.44359447501472,173.79630401202465
1,171.61786415541073,171.80866457631888
1,170.78980808120792,165.43631417861963
1,171.0594767700635,166.13724291453397
1,171.02627641247034,168.2940008553091
1,170.75112046776832,167.67752050538027
1,171.93117969423227,168.16870075348723
1,174.0649493400314,170.75969609754458
1,173.68351602538957,170.52906206922952
1,174.94732769726775,171.6804739597734
1,175.98085278261522,172.551414756571
1,174.75307036817014,172.70651211186697
1,174.46402195172334,172.83147417425687
1,175.70884199094627,173.88963610251923
1,173.75568084024457,173.37262657289233
1,174.639599015625,173.28679825929413
1,174.53025304086634,172.25023432484258
1,174.30239673074655,172.50752245645805
1,174.14084810677397,173.70417596844993
1,173.68232518591756,173.05626990484663
1,172.54671271243313,172.76132089396245
1,172.5937542847863,172.34163958470867
1,173.39338765552472,173.63528132975935
1,173.41084705076753,173.58022832764092
1,173.73262318921314,173.7094327363901
1,173.0528488442237,174.50942311413186
1,172.6499256340624,176.17875210233444
1,173.35858651969596,177.02510173891724
1,173.0426530105344,176.8882449085588
1,174.91842420981172,179.11026587017506
1,175.97124042256902,178.39195277229672
1,177.69300902688605,179.3006315848392
1,178.08204274686852,179.80984591433926
1,177.5014955791105,179.94309915787352
1,177.26381472817025,177.99716015485822
1,174.1129963325048,174.278534094047
1,169.64767364493107,169.57674823750756
1,168.7459923946925,166.8530661212294
1,170.09651138719153,168.5050517985931
1,169.62179441386357,169.2397627627711
1,168.82683114611996,168.24787066191664
1,169.62848178054594,169.45246994393318
1,168.15472901526113,168.4723107085435
1,169.83950574684084,169.88025042024967
1,169.5468744495188,169.82916530557148
1,170.40084807354503,171.7707793228197
1,170.92917007909662,171.45386954003484
1,170.4699675934285,170.83340982586037
1,171.15222880654204,169.50506436847104
1,169.77500067002018,168.55500843698474
1,171.4893018445592,169.0787787747582
1,169.41474328384444,164.61227438996468
1,169.58189665158415,164.71817276347153
1,169.64169943502966,164.81203611627438
1,139.07354456309636,98.44459994876952
1,155.6221378608762,156.50456402623448
1,157.85464492447588,161.0062893671877
1,160.64159275747383,164.18604916805006
1,156.6329617089667,156.47431639348864
1,154.83173538916225,156.0453224086052
1,170.8776095757027,171.6860812863983
1,167.18481919674193,168.35962158420094
1,158.9861828661211,160.76980649612474
1,155.39221321900447,159.55490437543176
1,154.76167147090982,159.704275586086
1,154.91606969847743,159.18790685138703
1,154.8370803203294,159.7291297204814
1,151.9891884366299,155.7497332301383
1,151.9941666286138,156.71785912743445
1,151.70418454679728,156.36730610801686
1,149.84214258619437,154.95238730135554
1,149.65407199153555,155.15821795373319
1,149.8515103542176,153.2371717714807
1,151.0152300310467,154.19403239978433
1,151.35514596889655,155.2546606392705
1,150.98448511308598,153.7683847196375
1,150.75598301100308,153.656803140806
1,150.12251100061732,151.34122808750948
1,151.00243995953076,153.10505121601
1,149.9560905463006,153.7964665267195
1,149.69444606334815,152.21062713533752
1,149.12009592306222,153.01868900266987
1,153.39592310014726,156.03332093156038
1,157.9934666198627,157.84044476859435
1,158.16253312694735,157.59670248758306
1,157.91807117603167,157.5348556555383
1,157.2589653848234,156.47593907700255
1,157.09600877792212,156.61775215489084
1,156.33034340979935,155.53651877169645
1,156.101662913729,155.79324688130257
1,156.3342818899109,155.74684516906282
1,156.75013908165712,156.1761555590368
1,157.2573070566946,156.34009445914327
1,157.40139270455487,155.3814953538197
1,155.4877230582569,152.7152855066087
1,155.17896408008684,152.5596517360736
1,154.74691396302944,152.45559552278303
1,155.96926034479736,153.5885739494545
1,155.97493343320556,153.58499209686323
1,156.33530854635185,153.54717387438805
1,157.91165387313353,156.8706826459844
1,161.23744249291607,162.85250414063034
1,161.7584920749329,163.75590934547222
1,150.72398854908607,160.0992491311997
1,163.01844514161564,166.16867422464168
1,164.84775366336126,165.70788752979595
1,164.41948181174936,165.3285980502411
1,164.22267010737488,164.32046708779632
1,162.5119074441674,162.02040500563618
1,168.1674424704459,161.83054934119224
1,162.18172159851798,161.2459938629354
1,164.4712414713723,163.93358825337486
1,164.1945888707718,164.2590241026297
1,164.49181390951097,164.42466433679587
1,164.71511395385593,164.53826492641133
1,164.26469098108765,164.57120054432568
1,163.7656263803992,162.7311506197222
1,161.68816387319706,161.01541506638003
1,161.8104176800244,160.6348234505136
1,162.28224185883576,161.0217733604322
1,163.01696217652224,160.45036066200413
1,165.19963064184455,161.5044486529491
1,163.22162471157372,159.30489742445147
1,168.90931051613373,166.06143166041542
1,168.8143337162558,163.8948900084814
1,169.6877072013062,162.97933023184194
1,169.20410156923418,165.1943768269186
1,168.79606747630464,166.2488503541995
1,170.19777447397283,167.63931023367422
1,173.03787353762394,168.19684972829873
1,176.84778274828022,172.50963621232978
1,171.05872678925508,175.34457529103227
1,168.68837788685383,167.83006193040526
1,169.35041875098648,170.80782496515118
1,171.93816624647837,174.9449233664654
1,173.3097435674225,179.72681824196582
1,178.38287963777233,176.18445474254895
1,169.79690260159683,166.68406091286076
1,169.81135247237876,166.70959440483966
1,167.37203898815645,166.16339038768115
1,166.63467206376055,166.11813012520582
1,166.41721395436127,165.69227302782642
1,166.31743283848627,164.52093197646968
1,166.32694075399135,164.5057025146924
1,166.37286616626884,164.52346228154636
1,166.41994929302382,164.5652847770311
1,166.47728238684505,164.62519060259703
1,166.51337772052727,164.65219360971764
1,166.6935862955944,164.9866987173007
1,166.80394798160023,165.1747038996639
1,166.89041482307232,165.29716587906802
1,166.94964391432163,165.35254594561442
1,166.96537231923506,165.35932066384862
1,167.30200823060295,165.8409331482399
1,167.49687579170495,166.1175779906657
1,167.63468747291876,166.2737342860133
1,167.72259979567352,166.36798063640387
1,167.79197046342642,166.42984274819665
1,167.85993159412646,166.4896022159497
1,167.92296552850857,166.54720838933198
1,168.13585460623446,166.94761858784497
1,168.27806058159274,167.1362813399856
1,168.39134955720138,167.2477701473052
1,168.469092151313,167.32930119099774
1,168.48697171376253,167.4078764985529
1,168.50142596758292,167.45878494723016
1,168.57759874708836,167.6830254918601
1,168.65680588025413,167.83122046149106
1,168.71424310017747,167.93134026409865
1,168.74788296366486,167.9857792512177
1,168.78948050707447,168.0289198808632
1,168.82007990184334,168.06675253013046
1,169.25908173725512,168.2769848416708
1,169.54965564843602,168.40617451459406
1,169.76813304539792,168.50252030472984
1,169.91400822643854,168.5892833215733
1,169.4031172816661,165.6859197310456
1,169.43912922728137,165.79048143722602
1,169.32263825980758,165.52137423550732
1,169.3139585870863,165.39494056867073
1,172.04545727952092,168.484313347728
1,172.34775293502028,168.0304980130325
1,172.44556032042982,168.00469954766237
1,172.1081794957107,167.62792695726534
1,171.87050707113306,167.40660742784954
1,171.62353877259784,167.46436099944498
1,174.00380316505976,170.1559620766235
1,173.77037116014438,169.78781670587333
1,172.68912842903873,168.29350102102697
1,172.41042159881434,167.69084540661342
1,172.00756952134714,167.4313563284414
1,171.97849608042497,167.66048355215187
1,172.2270432411234,167.9411922549183
1,174.2776424677001,170.1684985427383
1,174.69079782237336,170.37651157503242
1,174.24054054796952,169.48268873906295
1,173.88604015182182,169.1894155915863
1,173.5892956359912,169.19567960889148
1,176.268800805195,172.52910315469157
1,176.63512734509905,172.9524218142533
1,176.5540466301245,172.37298319871522
1,176.59712613359315,171.92460044064205
1,176.7361158452041,171.89435326201135
1,176.69661929924104,171.70175465319608
1,177.54183533316618,174.58162156562798
1,178.78758533965265,174.87261603348017
1,178.87639120597092,174.77649341703128
1,179.18234652690384,174.34997045213188
1,178.8918128757845,173.77284516031756
1,178.68688776306678,173.3827808614729
1,178.6984846161598,174.88471971424673
1,179.06922600248467,175.37131899789597
1,179.15627401390995,174.62971910106694
1,179.01565409261886,174.40694660291217
1,178.9265408490743,174.2998695711253
1,178.8321307471843,174.22825644508808
1,178.701080145883,174.0382551472807
1,179.77694850318204,175.9811779093399
1,179.73557747858314,175.24196237125952
1,179.9235832722552,174.75469192855996
1,179.606402738598,174.42739143410154
1,179.02478419215225,173.85892617249627
1,178.90387775703135,173.70805746952678
1,178.7499163590955,174.31673985163158
1,178.78233243326287,173.88240404561844
1,166.6231969086698,166.9806148581449
1,168.40310641225037,165.96989691989083
1,167.76736633986584,166.1628190018075
1,167.80715895891097,167.375020115341
1,167.836182116269,167.19039284918762
1,168.22663803425752,166.9401100518332
1,167.87778865531752,166.5238569655979
1,167.38939878033028,166.1471699388857
1,167.31447835701366,167.1240731827479
1,167.47938239658632,166.64098464781628
1,167.79680679616243,166.58110301518207
1,167.67406576237644,166.45846340298925
1,167.55503454826155,166.46656490599153
1,167.47275308614346,166.49607192608065
1,166.56743393595195,166.22466453997646
1,166.43532055641154,166.02572435253452
1,166.4164864074174,165.77413326309147
1,166.4174227307847,165.6298165987149
1,166.42861072281863,165.59104388992148
1,166.38217291653282,165.5437084217864
1,165.6779346182718,164.9155843482201
1,166.26754419051974,165.512110106062
1,166.62911840780387,165.9802868806183
1,166.88245973542757,166.26625283068296
1,167.0032780126944,166.443735839151
1,167.0846703350255,166.5363583299057
1,167.1408826387682,166.5962857058917
1,167.18723226580767,166.62938213069867
1,167.28334564050868,166.81187521243737
1,167.3869128677142,166.97071848643674
1,167.44730542830837,167.10152427534305
1,167.47386368836217,167.18578697458815
1,167.49283158557762,167.24136277435554
1,167.50449223717843,167.29290992931996
1,167.51469899796282,167.33983439411122
1,167.62448973395152,167.66868076222514
1,167.71589181333943,167.83235183297737
1,167.80448748291218,167.94747604222556
1,167.8745526523413,168.02588812872824
1,167.92693651796807,168.08820035279416
1,167.9741381959981,168.13648860799847
1,168.0809346526084,168.2151899914799
1,168.17674586384848,168.29267890418538
1,168.24268547542007,168.3371406363052
1,168.29893939498555,168.3746313307775
1,168.3511655713766,168.40371371061488
1,168.37249191472617,168.42236671902074
1,168.52207028389205,168.45897009645503
1,168.65038035229773,168.56113936255005
1,168.72597119666776,168.6264325486583
1,168.7976178159,168.69866555472439
1,168.86678014312366,168.7511843209896
1,168.92585987840323,168.81487847870858
1,169.42720311334685,169.15241232746257
1,169.6218858765535,169.24296529242912
1,169.64160824938506,169.17175298769388
1,169.60330418351083,169.0989169192821
1,169.5339871887009,169.03312812590875
1,169.45919510158896,169.00208546117
1,169.37887697478786,168.98101503115137
1,168.52393058528585,167.47676729752968
1,168.22360758777165,166.7578648049846
1,168.26008030529042,166.42937018767788
1,168.51879756924762,166.40545262014166
1,168.81311457461774,166.61324754540925
1,169.0874546554408,166.77343032887188
1,169.00456485896177,166.1665131238787
1,168.83066741322017,165.34687130187714
1,168.80774410490503,165.1617428007659
1,168.83866205753182,165.38264086828522
1,168.8474108356893,165.26854101824136
1,168.80137027105624,165.1618002073333
1,172.0719404058065,168.35592309434514
1,171.69631668064397,167.55044101470585
1,172.11122770927958,167.6060813907588
1,172.1884401655074,167.60569817226687
1,171.9536181224507,167.50344473613535
1,171.63228902052958,167.42931437907228
1,174.0721520448847,170.69112984205162
1,173.81534301806482,170.53089286532978
1,173.06599151357509,169.2162791070938
1,172.52446812990246,168.51124097058
1,172.21255321876257,168.16732465077266
1,172.19088260433332,168.28451470319715
1,174.0109265504146,169.98858429974078
1,175.0987053393088,170.69994814444988
1,174.80589344993305,170.0230147054156
1,174.23352739927367,169.5725431826087
1,173.72847563817797,168.89617060837213
1,173.5179782153397,168.7058254193072
1,176.1060052375137,172.57258487418656
1,176.6988368876189,172.63919762828348
1,176.6699744140225,172.16419345081235
1,176.3803352618195,171.61021925312306
1,176.38593371235862,171.35103427601496
1,176.4166411182422,171.08797322327487
1,177.0361005838104,174.12944015477152
1,178.0002376284371,174.70844194029922
1,178.67303403936,174.84424588230218
1,178.80908256688338,174.23964062752594
1,178.9265590157112,174.00770424351495
1,178.77451557137496,173.58920727619818
1,178.29515122511316,174.90677848363836
1,179.01937264852413,175.66576130065033
1,178.9901747306193,174.8622325923258
1,178.82626798176187,174.35692360367244
1,178.6857699984826,174.08668701095226
1,178.73644599471257,174.18398055749086
1,178.6800187414101,174.0432597790612
1,179.40758656266945,175.6338775918483
1,179.3166545572663,175.14774872504034
1,179.44715815887287,174.4953076362247
1,179.2018639498833,174.08259209334588
1,178.84276185872747,173.71229062252337
1,178.63181876030384,173.42152478649118
1,178.66114091560488,174.08513409491388
1,178.647347199644,173.6450923002459
